{
	"tempUnit": "C",
	"windSpeedUnit": "m / s",
	"days": [{
		"day": "Mon",
		"temp": 22,
		"windDirection": "north - east",
		"windSpeed": 10,
		"type": "sunny"
	}, {
		"day": "Tue",
		"temp": 12,
		"windDirection": "north - west",
		"windSpeed": 12,
		"type": "cloudy"
	}, {
		"day": "Wed",
		"temp": 9,
		"windDirection": "north - east",
		"windSpeed": 14,
		"type": "rainy"
	}, {
		"day": "Thur",
		"temp": 11,
		"windDirection": "north - west",
		"windSpeed": 11,
		"type": "cloudy"
	}, {
		"day": "Fri",
		"temp": 16,
		"windDirection": "north - east",
		"windSpeed": 8,
		"type": "sunny"
	}, {
		"day": "Sat",
		"temp": 17,
		"windDirection": "north - west",
		"windSpeed": 7,
		"type": "sunny"
	}, {
		"day": "Sun",
		"temp": 9,
		"windDirection": "north - east",
		"windSpeed": 6,
		"type": "cloudy"
	}]
}